preco,tipo,area,quartos,bairro
800,1,80,3,1
800,1,50,2,1
800,1,72,2,1
800,1,60,2,1
800,1,58,2,1
800,1,50,2,1
800,1,50,2,1
800,1,50,2,1
800,1,45,2,1
800,1,58,2,1
800,1,52,2,1
800,4,90,2,1
800,1,57,2,1
800,1,60,2,1
800,1,60,2,1
800,1,60,2,1
800,1,75,2,1
800,1,50,2,1
800,4,70,2,1
800,1,50,2,1
800,2,48,1,1
800,2,35,1,1
800,1,32,1,1
800,2,31,1,1
800,2,30,1,1
800,2,30,1,1
800,2,28,1,1
800,2,27,1,1
800,2,25,1,1
800,2,25,1,1
800,2,25,1,1
800,2,33,1,1
800,2,30,1,1
800,2,27,1,1
800,2,25,1,1
800,2,23,1,1
800,2,25,1,1
800,1,33,1,1
800,2,45,1,1
800,1,37,1,1
800,1,34,1,1
800,2,33,1,1
800,2,30,1,1
800,1,24,1,1
800,1,36,1,1
800,1,30,1,1
800,1,30,1,1
800,1,30,1,1
800,1,30,1,1
800,1,40,1,1
800,1,35,1,1
800,2,40,1,1
800,1,56,1,1
815,1,35,1,1
820,1,33,1,1
840,1,52,2,1
850,1,65,3,1
850,1,60,3,1
850,1,70,2,1
850,1,60,2,1
850,1,45,2,1
850,1,40,2,1
850,1,60,2,1
850,1,55,2,1
850,1,50,2,1
850,1,50,2,1
850,1,50,2,1
850,1,55,2,1
850,1,60,2,1
850,2,41,1,1
850,2,38,1,1
850,1,35,1,1
850,1,30,1,1
850,1,30,1,1
850,1,30,1,1
850,2,30,1,1
850,2,30,1,1
850,1,29,1,1
850,2,28,1,1
850,2,27,1,1
850,2,26,1,1
850,2,26,1,1
850,2,26,1,1
850,2,25,1,1
850,2,21,1,1
850,2,35,1,1
850,1,32,1,1
850,1,29,1,1
850,2,28,1,1
850,2,27,1,1
850,2,25,1,1
850,2,25,1,1
850,2,27,1,1
850,2,30,1,1
850,2,38,1,1
850,1,35,1,1
850,1,30,1,1
850,1,37,1,1
850,1,30,1,1
850,1,50,1,1
850,1,42,1,1
850,1,36,1,1
850,4,48,1,1
890,2,25,1,1
890,2,25,1,1
900,1,65,3,1
900,4,80,3,1
900,1,71,2,1
900,4,70,2,1
900,1,65,2,1
900,1,60,2,1
900,1,60,2,1
900,1,45,2,1
900,1,50,2,1
900,1,45,2,1
900,1,70,2,1
900,1,58,2,1
900,1,42,2,1
900,1,55,2,1
900,1,60,2,1
900,1,43,2,1
900,1,44,2,1
900,4,60,2,1
900,2,38,1,1
900,2,36,1,1
900,2,30,1,1
900,2,30,1,1
900,2,29,1,1
900,2,28,1,1
900,2,28,1,1
900,2,27,1,1
900,2,27,1,1
900,2,25,1,1
900,2,25,1,1
900,2,25,1,1
900,2,25,1,1
900,2,25,1,1
900,2,40,1,1
900,1,33,1,1
900,2,30,1,1
900,2,30,1,1
900,2,30,1,1
900,1,29,1,1
900,2,28,1,1
900,2,26,1,1
900,2,25,1,1
900,2,24,1,1
900,2,26,1,1
900,2,25,1,1
900,1,35,1,1
900,2,33,1,1
900,2,28,1,1
900,2,30,1,1
900,1,30,1,1
900,2,32,1,1
900,1,54,1,1
920,1,39,1,1
930,2,28,1,1
950,1,80,3,1
950,1,63,2,1
950,1,55,2,1
950,1,44,2,1
950,1,90,2,1
950,1,64,2,1
950,1,60,2,1
950,1,55,2,1
950,1,49,2,1
950,1,60,2,1
950,1,42,1,1
950,2,33,1,1
950,2,32,1,1
950,2,30,1,1
950,2,30,1,1
950,2,28,1,1
950,2,27,1,1
950,2,26,1,1
950,2,25,1,1
950,2,25,1,1
950,2,37,1,1
950,1,34,1,1
950,2,32,1,1
950,2,30,1,1
950,2,25,1,1
950,1,38,1,1
950,2,30,1,1
950,2,30,1,1
950,2,35,1,1
950,2,30,1,1
950,1,35,1,1
950,2,30,1,1
955,2,30,1,1
960,1,55,1,1
980,1,47,2,1
980,1,49,1,1
980,2,30,1,1
980,2,26,1,1
980,2,24,1,1
980,1,32,1,1
990,4,60,2,1
990,2,38,1,1
990,2,30,1,1
990,1,34,1,1
1000,1,80,3,1
1000,1,60,3,1
1000,1,75,2,1
1000,1,62,2,1
1000,1,60,2,1
1000,1,54,2,1
1000,4,50,2,1
1000,1,65,2,1
1000,1,52,2,1
1000,1,60,2,1
1000,1,50,2,1
1000,1,53,2,1
1000,2,50,2,1
1000,1,70,2,1
1000,1,60,2,1
1000,1,45,2,1
1000,1,75,2,1
1000,1,60,2,1
1000,1,70,2,1
1000,1,45,1,1
1000,2,45,1,1
1000,1,40,1,1
1000,1,35,1,1
1000,1,35,1,1
1000,2,35,1,1
1000,1,32,1,1
1000,2,32,1,2
1000,1,30,1,2
1000,1,30,1,2
1000,2,30,1,2
1000,2,30,1,2
1000,2,30,1,2
1000,2,30,1,2
1000,2,28,1,2
1000,2,27,1,2
1000,2,25,1,2
1000,2,25,1,2
1000,2,38,1,2
1000,2,35,1,2
1000,2,32,1,2
1000,1,30,1,2
1000,2,30,1,2
1000,2,30,1,2
1000,1,29,1,2
1000,2,29,1,2
1000,2,25,1,2
1000,2,25,1,2
1000,2,24,1,2
1000,2,30,1,2
1000,1,47,1,2
1000,1,40,1,2
1000,1,37,1,2
1000,2,36,1,2
1000,2,35,1,2
1000,1,30,1,2
1000,1,30,1,2
1000,1,25,1,2
1000,1,36,1,2
1000,1,35,1,2
1000,2,29,1,2
1000,2,24,1,2
1000,1,38,1,2
1000,2,39,1,2
1000,1,38,1,2
1000,2,36,1,2
1020,1,45,2,2
1030,1,31,1,2
1050,1,76,2,2
1050,1,43,2,2
1050,1,35,1,2
1050,2,27,1,2
1050,2,38,1,2
1050,1,36,1,2
1050,1,32,1,2
1050,1,32,1,2
1050,1,30,1,2
1080,1,36,1,2
1090,2,30,1,2
1090,1,30,1,2
1099,2,32,1,2
1100,4,75,3,2
1100,4,60,3,2
1100,1,60,2,2
1100,1,75,2,2
1100,1,65,2,2
1100,1,50,2,2
1100,1,54,2,2
1100,1,38,2,2
1100,1,38,2,2
1100,1,59,2,2
1100,1,50,2,2
1100,4,45,2,2
1100,1,48,2,2
1100,1,60,2,2
1100,1,51,2,2
1100,1,50,2,2
1100,1,90,2,2
1100,1,45,1,2
1100,2,40,1,2
1100,2,36,1,2
1100,2,35,1,2
1100,1,32,1,2
1100,1,30,1,2
1100,2,30,1,2
1100,2,30,1,2
1100,2,30,1,2
1100,1,28,1,2
1100,2,28,1,2
1100,2,28,1,2
1100,2,28,1,2
1100,2,27,1,2
1100,1,25,1,2
1100,2,25,1,2
1100,2,25,1,2
1100,1,23,1,2
1100,2,22,1,2
1100,2,42,1,2
1100,2,34,1,2
1100,1,30,1,2
1100,2,30,1,2
1100,2,30,1,2
1100,2,30,1,2
1100,2,28,1,2
1100,2,27,1,2
1100,2,26,1,2
1100,2,25,1,2
1100,2,24,1,2
1100,2,30,1,2
1100,4,29,1,2
1100,1,40,1,2
1100,1,40,1,3
1100,1,35,1,3
1100,1,34,1,3
1100,1,33,1,3
1100,1,32,1,3
1100,1,38,1,3
1100,1,30,1,3
1100,1,30,1,3
1100,1,35,1,3
1100,0,40,1,3
1100,2,30,1,3
1100,2,26,1,3
1100,2,25,1,3
1150,1,52,2,3
1150,1,55,2,3
1150,2,34,1,3
1150,2,30,1,3
1150,2,27,1,3
1150,2,26,1,3
1150,2,40,1,3
1150,1,30,1,3
1150,2,28,1,3
1150,1,33,1,3
1150,1,32,1,3
1150,1,30,1,3
1150,1,30,1,3
1190,1,45,1,3
1200,4,80,3,3
1200,1,70,3,3
1200,1,64,3,3
1200,1,65,3,3
1200,1,60,2,3
1200,1,39,2,3
1200,4,75,2,3
1200,4,70,2,3
1200,1,60,2,3
1200,1,55,2,3
1200,1,40,2,3
1200,1,65,2,3
1200,1,59,2,3
1200,1,62,2,3
1200,4,50,2,3
1200,1,57,2,3
1200,4,60,2,3
1200,1,60,2,3
1200,1,55,2,3
1200,1,35,2,3
1200,1,50,2,3
1200,1,60,2,3
1200,2,45,1,3
1200,1,40,1,3
1200,3,40,1,3
1200,1,38,1,3
1200,1,35,1,3
1200,2,32,1,3
1200,1,30,1,3
1200,1,30,1,3
1200,2,30,1,3
1200,3,30,1,3
1200,2,25,1,3
1200,2,35,1,3
1200,1,30,1,3
1200,2,30,1,3
1200,2,27,1,3
1200,2,27,1,3
1200,2,27,1,3
1200,2,25,1,3
1200,2,25,1,3
1200,0,17,1,3
1200,1,42,1,3
1200,1,41,1,3
1200,1,40,1,3
1200,1,37,1,3
1200,1,35,1,3
1200,1,33,1,3
1200,1,33,1,3
1200,1,32,1,3
1200,1,31,1,3
1200,2,30,1,3
1200,1,36,1,3
1200,2,40,1,3
1200,1,30,1,4
1200,1,30,1,4
1200,1,30,1,4
1200,1,30,1,4
1200,1,30,1,4
1200,1,30,1,4
1200,1,30,1,4
1200,2,30,1,4
1200,1,40,1,4
1200,2,38,1,4
1200,1,37,1,4
1220,2,25,1,4
1230,1,44,2,4
1250,1,48,2,4
1250,1,50,2,4
1250,1,30,1,4
1250,2,25,1,4
1250,1,35,1,4
1250,1,40,1,4
1250,2,35,1,4
1250,2,34,1,4
1250,1,32,1,4
1250,1,30,1,4
1250,1,26,1,4
1280,1,30,1,4
1290,1,65,2,4
1290,1,45,1,4
1300,4,60,3,4
1300,1,63,3,4
1300,1,60,3,4
1300,1,47,2,4
1300,4,90,2,4
1300,1,65,2,4
1300,1,43,2,4
1300,1,60,2,4
1300,1,68,2,4
1300,1,55,2,4
1300,1,42,2,4
1300,1,40,2,4
1300,1,50,2,4
1300,1,50,2,4
1300,1,80,2,4
1300,1,46,1,4
1300,1,37,1,4
1300,1,36,1,4
1300,1,33,1,4
1300,1,30,1,4
1300,3,30,1,4
1300,2,25,1,4
1300,2,30,1,4
1300,2,25,1,4
1300,2,24,1,4
1300,0,32,1,4
1300,1,30,1,4
1300,1,26,1,4
1300,1,25,1,4
1300,2,25,1,4
1300,2,25,1,4
1300,2,25,1,4
1300,2,25,1,4
1300,1,24,1,4
1300,1,42,1,4
1300,1,33,1,4
1300,1,80,1,4
1300,1,37,1,4
1300,1,43,1,4
1300,2,28,1,4
1300,1,36,1,4
1300,2,24,1,4
1320,2,24,1,4
1350,4,90,3,4
1350,1,48,2,4
1350,1,60,2,4
1350,1,60,2,4
1350,1,55,2,4
1350,1,35,1,4
1350,1,30,1,4
1350,2,52,1,4
1350,1,30,1,4
1350,1,33,1,4
1350,1,32,1,4
1350,1,45,1,4
1375,1,85,2,4
1380,2,35,1,4
1390,1,34,1,4
1400,1,60,3,4
1400,1,80,3,4
1400,1,78,3,4
1400,1,55,2,4
1400,1,55,2,4
1400,1,56,2,4
1400,1,83,2,4
1400,1,52,2,4
1400,1,50,2,4
1400,4,90,2,4
1400,1,70,2,4
1400,1,50,2,4
1400,1,50,2,4
1400,2,42,1,4
1400,2,27,1,4
1400,1,27,1,4
1400,2,24,1,4
1400,2,29,1,4
1400,2,25,1,5
1400,1,39,1,5
1400,1,35,1,5
1400,1,33,1,5
1400,1,32,1,5
1400,1,48,1,5
1400,1,35,1,5
1400,2,32,1,5
1400,2,28,1,5
1400,1,35,1,5
1449,3,35,1,5
1450,1,63,3,5
1450,1,55,2,5
1450,1,43,2,5
1450,1,28,1,5
1450,1,32,1,5
1450,1,33,1,5
1450,1,44,1,5
1480,1,54,2,5
1490,1,33,1,5
1500,1,68,3,5
1500,1,60,2,5
1500,1,48,2,5
1500,1,72,2,5
1500,1,48,2,5
1500,1,90,2,5
1500,1,67,2,5
1500,4,60,2,5
1500,1,57,2,5
1500,1,55,2,5
1500,1,57,2,5
1500,1,42,1,5
1500,1,30,1,5
1500,3,30,1,5
1500,1,28,1,5
1500,3,28,1,5
1500,3,25,1,5
1500,2,40,1,5
1500,2,30,1,5
1500,1,28,1,5
1500,2,28,1,5
1500,1,40,1,5
1500,2,25,1,5
1500,1,44,1,5
1500,1,40,1,5
1500,2,40,1,5
1500,1,37,1,5
1500,1,35,1,5
1500,1,35,1,5
1500,1,34,1,5
1500,1,34,1,5
1500,1,33,1,5
1500,1,32,1,5
1500,2,32,1,5
1500,0,65,1,5
1500,1,42,1,5
1500,1,32,1,5
1500,1,35,1,5
1550,1,65,3,5
1550,1,48,1,5
1550,1,40,1,6
1590,1,69,2,6
1600,4,65,4,6
1600,1,64,3,6
1600,1,62,3,6
1600,1,70,3,6
1600,1,69,3,6
1600,1,60,2,6
1600,1,57,2,6
1600,1,68,2,6
1600,1,78,2,6
1600,1,60,2,6
1600,4,50,2,6
1600,4,80,2,6
1600,1,56,2,6
1600,1,42,1,6
1600,1,35,1,6
1600,2,28,1,6
1600,1,32,1,6
1600,1,30,1,6
1600,1,30,1,6
1600,3,30,1,6
1600,1,28,1,6
1600,1,56,1,6
1600,2,27,1,6
1600,2,26,1,6
1600,2,26,1,6
1600,2,26,1,6
1600,1,25,1,6
1600,1,32,1,6
1600,1,30,1,6
1600,1,56,1,6
1600,1,32,1,6
1600,1,30,1,6
1600,1,30,1,6
1600,1,30,1,6
1600,2,30,1,6
1600,1,38,1,6
1600,3,26,1,6
1650,4,80,3,6
1650,1,60,2,6
1650,1,60,2,6
1650,1,49,2,6
1650,1,30,1,6
1650,2,30,1,6
1680,1,52,2,6
1680,1,38,1,6
1690,1,45,2,6
1700,1,75,3,6
1700,4,95,3,6
1700,1,65,2,6
1700,1,56,2,6
1700,2,30,2,6
1700,1,57,2,6
1700,1,40,1,6
1700,1,30,1,7
1700,3,27,1,8
1700,1,25,1,8
1700,3,40,1,8
1700,2,28,1,8
1700,2,25,1,8
1700,1,40,1,8
1700,1,34,1,8
1700,1,45,1,8
1700,1,51,1,8
1700,1,33,1,8
1700,4,30,1,8
1750,1,48,2,8
1750,1,40,1,8
1750,1,63,1,8
1800,4,90,3,8
1800,1,62,3,8
1800,1,65,2,8
1800,1,59,2,8
1800,1,50,2,8
1800,1,51,2,8
1800,1,54,2,8
1800,1,80,2,8
1800,1,60,2,8
1800,1,50,2,8
1800,1,50,1,8
1800,3,35,1,8
1800,1,28,1,8
1800,2,28,1,8
1800,1,23,1,8
1800,1,62,1,8
1800,1,32,1,8
1800,1,35,1,8
1800,1,33,1,8
1800,0,27,1,8
1800,1,60,1,8
1800,2,30,1,8
1800,1,30,1,8
1800,1,27,1,8
1801,1,30,1,9
1850,1,68,3,9
1850,1,61,2,9
1850,1,55,2,9
1850,3,32,1,9
1850,1,32,1,9
1870,1,34,1,9
1900,1,70,3,9
1900,1,70,2,9
1900,1,48,2,9
1900,1,68,2,9
1900,1,58,2,9
1900,1,50,1,9
1900,1,32,1,9
1900,3,29,1,9
1900,1,50,1,9
1900,1,45,1,9
1950,1,60,2,9
1950,1,68,2,9
1950,2,25,1,9
1950,1,65,1,9
1950,2,65,1,10
1950,2,33,1,10
1962,2,45,1,10
1971,1,27,1,10
1990,3,46,1,10
2000,1,80,3,10
2000,1,80,3,10
2000,4,80,3,10
2000,1,65,2,10
2000,1,60,2,10
2000,1,56,2,10
2000,1,85,2,10
2000,1,60,2,10
2000,1,52,2,11
2000,1,73,2,11
2000,1,70,2,11
2000,1,37,1,11
2000,3,33,1,11
2000,3,32,1,11
2000,1,40,1,11
2000,1,83,1,11
2000,1,45,1,11
2000,1,45,1,11
2000,1,27,1,11
2050,1,60,2,11
2100,1,72,3,11
2100,4,67,3,11